"nom;secteur;departement;points;nouveaux_clients;evolution_nc;clients_mouvementes;evolution_cm;mandats;evolution_mandats"
"CRIT ANDREZIEUX BOUTHEON;GENERALISTE;42;2;1;0;28;-7;1;0"
"CRIT ANNECY;GENERALISTE;74;7;7;0;31;-3;0;0"
"CRIT BOURG-EN-BRESSE;GENERALISTE;01;2;2;0;22;-4;0;0"
"CRIT BOURGOIN-JALLIEU;GENERALISTE;38;0;0;0;19;-10;0;0"
"CRIT BRIGNAIS;GENERALISTE;69;2;1;1;28;-17;1;0"
"CRIT CHAMBERY IND - LOG - BTP;GENERALISTE;73;4;3;0;29;-8;1;0"
"CRIT CHANAS;GENERALISTE;38;3;2;0;28;-9;1;0"
"CRIT CLERMONT-FERRAND BTP;BTP;63;3;2;1;19;-1;1;0"
"CRIT CLERMONT-FERRAND BTP 2ND OEUVRE;BTP;63;3;1;0;23;-5;2;0"
"CRIT CLERMONT-FERRAND INDUS AERO DISTRIB;INDUSTRIE;63;3;3;0;20;6;0;0"
"CRIT CLERMONT-FERRAND LOGISTIQUE;GENERALISTE;63;4;2;0;36;-8;2;0"
"CRIT CLERMONT-FERRAND TERTIAIRE SUPPORT & CADRES;TERTIAIRE;63;3;1;0;21;-2;2;0"
"CRIT DECINES;GENERALISTE;69;5;2;0;40;-18;3;1"
"CRIT GRENOBLE INDUSTRIE-BTP-LOGISTIQUE;GENERALISTE;38;2;0;0;9;-2;2;0"
"CRIT GRENOBLE TERTIAIRE-INGENIERIE-CADRES;TERTIAIRE;38;0;0;0;10;-4;0;0"
"CRIT ISSOIRE;GENERALISTE;63;14;6;2;40;-8;8;0"
"CRIT L'ARBRESLE;GENERALISTE;69;2;1;0;11;-3;1;0"
"CRIT LE PUY EN VELAY;GENERALISTE;43;2;2;0;21;-2;0;0"
"CRIT LIMAS;GENERALISTE;69;1;1;0;13;-3;0;0"
"CRIT LYON;TERTIAIRE;69;12;4;1;6;6;8;0"
"CRIT LYON BTP SECOND OEUVRE;BTP;69;2;2;0;14;-12;0;0"
"CRIT LYON EVENEMENTIEL;EVENEMENTIEL;69;1;1;0;4;7;0;0"
"CRIT LYON EXPERTS & CADRES;EXPERT & CADRE;69;3;2;0;18;-13;1;0"
"CRIT MONISTROL-SUR-LOIRE;GENERALISTE;43;17;4;0;25;-4;13;0"
"CRIT MONTELIMAR;GENERALISTE;26;3;3;0;22;-2;0;0"
"CRIT MONTLUCON;GENERALISTE;03;5;4;0;26;-7;1;0"
"CRIT RIOM;INDUSTRIE;63;4;3;1;26;2;1;0"
"CRIT ROANNE;GENERALISTE;42;14;10;2;58;-7;4;1"
"CRIT SAINT QUENTIN FALLAVIER;GENERALISTE;38;0;0;0;31;-19;0;0"
"CRIT SAINT VULBAS NUCLEAIRE;GENERALISTE;01;5;1;0;36;-6;4;0"
"CRIT THIERS;GENERALISTE;63;8;5;0;35;-13;3;2"
"CRIT VALENCE;GENERALISTE;26;9;9;1;29;2;0;0"
"CRIT VICHY;GENERALISTE;03;5;3;0;19;-4;2;0"
"CRIT VIENNE;GENERALISTE;38;6;0;0;47;-33;6;0"
"CRIT VOIRON;GENERALISTE;38;0;0;0;28;-14;0;0"
